{
  "Version": "1.0",
  "OrgId": 222388,
  "ClientId": "531cd618-0000-1000-7f92-e1e1e1130978",
  "ClientName": "Broyles Farms Inc.",
  "FarmId": "ce272bd1-acae-46f5-a41d-666f9b310630",
  "FarmName": "Broyles Family LLC",
  "FieldId": "e31e9b87-19b0-4763-96dd-d5057b21430d",
  "FieldName": "sec 1 east",
  "Operation": "Harvest",
  "CropSeason": 2019,
  "CropToken": "WHEAT_HRD_RD_WTR",
  "FileCreatedTimeStamp": "2019-10-23T18:27:50.4206896Z",
  "DataAttributes": [
    {
      "Name": "DISTANCE",
      "Unit": "ft",
      "Description": "Distance Travelled From Previous Point"
    },
    {
      "Name": "SWATHWIDTH",
      "Unit": "ft",
      "Description": "Width Of Element"
    },
    {
      "Name": "VRYIELDVOL",
      "Unit": "bu1ac-1",
      "Description": "Yield as Volume"
    },
    {
      "Name": "SECTIONID",
      "Description": "Element Id"
    },
    {
      "Name": "Crop",
      "Description": "CropId"
    },
    {
      "Name": "Moisture",
      "Unit": "prcnt",
      "Description": "Moisture"
    },
    {
      "Name": "WetMass",
      "Unit": "lb1ac-1",
      "Description": "Wet Mass"
    },
    {
      "Name": "Time",
      "Description": "Timestamp"
    },
    {
      "Name": "Heading",
      "Description": "Machine Heading"
    },
    {
      "Name": "VARIETY",
      "Description": "Variety Name"
    },
    {
      "Name": "Elevation",
      "Unit": "ft",
      "Description": "Elevation"
    },
    {
      "Name": "IsoTime",
      "Description": "Precise Timestamp"
    },
    {
      "Name": "Machine",
      "Description": "Index into the MachineUsage map, or 0 if no information exists"
    }
  ],
  "MachineUsage": {
    "1": {
      "MachineId": "53d68de5-0000-1000-7fda-e1e1e1130978",
      "MachineSerial": " ",
      "OperatorId": "53523b8f-0000-1000-7f98-e1e1e1130978"
    }
  }
}