{
  "Version": "1.0",
  "OrgId": 222388,
  "ClientId": "531cd618-0000-1000-7f92-e1e1e1130978",
  "ClientName": "Broyles Farms Inc.",
  "FarmId": "ce272bd1-acae-46f5-a41d-666f9b310630",
  "FarmName": "Broyles Family LLC",
  "FieldId": "e31e9b87-19b0-4763-96dd-d5057b21430d",
  "FieldName": "sec 1 east",
  "Operation": "Application",
  "CropSeason": 2019,
  "Product": {
    "ProductName": "32 percent UAN",
    "BrandName": "---",
    "TankMix": false
  },
  "FileCreatedTimeStamp": "2019-10-18T01:29:50.61Z",
  "DataAttributes": [
    {
      "Name": "Time",
      "Description": "Timestamp"
    },
    {
      "Name": "Heading",
      "Description": "Machine Heading"
    },
    {
      "Name": "DISTANCE",
      "Unit": "ft",
      "Description": "Distance Travelled From Previous Point"
    },
    {
      "Name": "SWATHWIDTH",
      "Unit": "ft",
      "Description": "Width Of Element"
    },
    {
      "Name": "Product",
      "Description": "Product Name"
    },
    {
      "Name": "SECTIONID",
      "Description": "Element Id"
    },
    {
      "Name": "AppliedRate",
      "Unit": "gal1ac-1",
      "Description": "Applied Rate"
    },
    {
      "Name": "ControlRate",
      "Unit": "gal1ac-1",
      "Description": "Control Rate"
    },
    {
      "Name": "TargetRate",
      "Unit": "gal1ac-1",
      "Description": "Target Rate"
    },
    {
      "Name": "Elevation",
      "Unit": "ft",
      "Description": "Elevation"
    },
    {
      "Name": "IsoTime",
      "Description": "Precise Timestamp"
    },
    {
      "Name": "Machine",
      "Description": "Index into the MachineUsage map, or 0 if no information exists"
    }
  ],
  "MachineUsage": {
    "1": {
      "MachineId": "5bbf7e2c-0000-1000-7fbc-e1e1e134bba0",
      "MachineSerial": "",
      "OperatorId": "5ca7b099-0000-1000-7ff9-e1e1e134bba0"
    }
  }
}